0001_0002	Gabriele Venzky	fem
0001_0004	Martin Dahms	masc
0001_0005	Joachim Thommes	masc
0001_0006	Uwe Wolf	masc
0001_0007	Peter Amstutz	masc
0001_0008	Hans Jürgen Nordhoff	masc
0001_0009	Ahmad Taheri	masc
0001_0011	Rita Neubauer	fem
0001_0015	Thomas Wüpper	masc
0001_0024	Gerd Höhler	masc
0001_0025	Ulrike Füssel	fem
0001_0026	Henrik Bork	masc
0001_0027	Tina Stadlmayer	fem
0001_0028	Wolf Gunter Brügmann	masc
0001_0081	Walter Pfaeffle	masc
0001_0086	Elisabeth Ehrhorn	fem
0001_0087	Gerd Höhler	masc
0001_0089	Otto Jörg Weis	masc
0001_0094	Peter Ziller	masc
0001_0095	Peter Henkel	masc
0001_0098	Peter Ziller	masc
0001_0099	Harry Schleicher	masc
0001_0103	Rolf Dietrich Schwartz	masc
0001_0157	Gerd Höhler	masc
0001_0160	Karl-Heinz Karisch	masc
0001_0163	Gabriele Venzky	fem
0001_0165	Hans-Helmut Kohl	masc
0001_0166	Harry Schleicher	masc
0001_0167	Hermann Bleich	masc
0001_0170	Rolf Dietrich Schwartz	masc
0001_0182	Helmut Lölhöffel	masc
0001_0194	Hans-Hagen Bremer	masc
0001_0198	Axel Vornbäumen	masc
0001_0203	Peter Ziller	masc
0001_0212	David Crary	masc
0050_0001	Rita Neubauer	fem
0051_0001	Christoph Türcke	masc
0052_0001	Michael Flämig	masc
0054_0001	Karin Adelmann	fem
0057_0001	Ursula Knapp	fem
0059_0001	Jutta Roitsch	fem
0060_0001	Daniel Blum	masc
0063_0001	Armin Wertz	masc
0064_0001	Ulrike Bauer	fem
0065_0001	Peter Iden	masc
0069_0001	Edith Heller	fem
0071_0001	Jochen Siemens	masc
0072_0001	Ada Brandes	fem
0075_0001	Armin Wertz	masc
0076_0001	Martin Scholz	masc
0077_0001	Dietmar Ostermann	masc
0078_0001	Peter Gerner	masc
0079_0001	Reinhard Voss	masc
0081_0001	Hans Brandt	masc
0087_0001	Heinz-Harald Löhlein	masc
0098_0001	Konrad Rumbaur	masc
0101_0001	Gisela Ostwald	fem
0141_0001	Gerd Braune	masc
0142_0001	Wolfgang Sachs	masc
0143_0001	Uta Andresen	fem
0144_0001	Anatol Johansen	masc
0145_0001	Wole Soyinka	masc
0147_0001	Ulrich Glauber	masc
0148_0001	Thomas Wüpper	masc
0150_0001	Robert Fischer	masc
0152_0001	Roderich Reifenrath	masc
0154_0001	Michael Cramer	masc
0157_0001	Henrik Bork	masc
0160_0001	Hans-Klaus Jungheinrich	masc
0162_0001	Hannes Gamillscheg	masc
0167_0001	Edith Heller	fem
0170_0001	Rolf Dietrich Schwartz	masc
0171_0001	Michael Emmrich	masc
0178_0001	Martina Meister	fem
0179_0001	Dietmar Ostermann	masc
0181_0001	Knut Pries	masc
0184_0001	Ulrike Füssel	fem
0185_0001	Rolf Dietrich Schwartz	masc
0186_0001	Katharina Sperber	fem
0193_0001	Armin Wertz	masc
0196_0001	Stephan Hebel	masc	Inge Günther	fem
0211_0001	Rudolf Grimm	masc
0242_0001	Manfred E. Schuchmann	masc
0244_0001	Volker Kröning	masc
0245_0001	Peter Körte	masc
0246_0001	Michael Emmrich	masc
0247_0001	Gilles Deleuze	masc
0251_0001	Stephan Börnecke	masc
0256_0001	Julian Exner	masc
0257_0001	Ursula Knapp	fem
0259_0001	Tina Stadlmayer	fem
0265_0001	Rolf Dietrich Schwartz	masc
0267_0001	Ulrike Füssel	fem
0268_0001	Charima Reinhardt	fem
0269_0001	Ulrike Füssel	fem
0270_0001	Peter Nonnenmacher	masc
0273_0001	Ada Brandes	fem
0274_0001	Ulrike Füssel	fem
0276_0001	Katharina Sperber	fem
0277_0001	Knut Pries	masc
0279_0001	Peter Henkel	masc
0280_0001	Rolf Dietrich Schwartz	masc
0281_0001	Edgar Auth	masc
0288_0001	Pierre Simonitsch	masc
0293_0001	Hans-Hagen Bremer	masc
0321_0001	Allen Nacheman	masc
0342_0001	Roland H. Wiegenstein	masc
0343_0001	Dirk de Pol	masc
0345_0001	Karl Grobe	masc	Dietmar Ostermann	masc
0346_0001	Rita Neubauer	fem
0347_0001	Bernhard Ganter	masc
0350_0001	Renate Hakvoort	fem
0351_0001	Steve Körner	masc
0352_0001	Andreas Helle	masc
0353_0001	Karl-Heinz Karisch	masc
0354_0001	Helmut Lölhöffel	masc
0355_0001	Helmut Lölhöffel	masc
0359_0001	Heinz Kersten	masc
0361_0001	Hannes Gamillscheg	masc
0364_0001	Gerd Höhler	masc
0368_0001	Thomas Roser	masc
0371_0001	Otto Kallscheuer	masc
0372_0001	Sabine Horst	fem
0376_0001	Ingrid Müller-Münch	fem
0380_0001	Pierre Simonitsch	masc
0381_0001	Martin Winter	masc
0383_0001	Peter Ziller	masc
0384_0001	Otto Jörg Weis	masc
0385_0001	Roman Arens	masc
0386_0001	Karl-Heinz Baum	masc
0388_0001	Michael Grabenströer	masc
0392_0001	Eckart Spoo	masc
0395_0001	Ferdos Forudastan	masc
0400_0001	Peter Ziller	masc
0402_0001	Ada Brandes	fem
0403_0001	Ferdos Forudastan	masc
0404_0001	Ulrich Willenberg	masc
0405_0001	Ferdos Forudastan	masc
0421_0001	Christoph Driessen	masc
0450_0001	Rolf Dietrich Schwartz	masc
0451_0001	Ulrich Schreiber	masc
0453_0001	Ute Frings	fem
0454_0001	Roderich Reifenrath	masc
0455_0001	Hannes Gamillscheg	masc
0457_0001	Thomas Fechner-Smarsly	masc
0458_0001	Vera Lumpe	fem
0459_0001	Werner Herzog	masc
0460_0001	Walther Becker	masc
0462_0001	Joachim Wille	masc
0463_0001	Hans-Jürgen Linke	masc
0464_0001	Boris B. Behrsing	masc
0468_0001	Angela Schmitt-Gläser	fem
0470_0001	Christian Rath	masc
0471_0001	Eckart Spoo	masc
0474_0001	Ulrich Willenberg	masc
0477_0001	Katharina Sperber	fem
0478_0001	Hannes Gamillscheg	masc
0484_0001	Edith Heller	fem
0486_0001	Rolf Dietrich Schwartz	masc
0488_0001	Stephan Börnecke	masc
0490_0001	Knut Pries	masc
0492_0001	Martin Winter	masc
0500_0001	Anne Riedel	fem
0502_0001	Reinhard Voss	masc
0503_0001	Edith Heller	fem
0506_0001	Rolf Paasch	masc
0507_0001	Martin Winter	masc
0510_0001	Hans-Hagen Bremer	masc
0516_0001	Peter Henkel	masc
0517_0001	Helmut Lölhöffel	masc
0519_0001	Ferdos Forudastan	masc
0535_0001	Klaus Gruber	masc
0575_0001	Jean-Michel Frodon	masc
0576_0001	Roland Mischke	masc
0577_0001	Karl Stankiewitz	masc
0578_0001	Heinz Schleußer	masc
0579_0001	Rainer Schauer	masc
0580_0001	Gerhard Fels	masc
0584_0001	Daland Segler	masc
0585_0001	Willi Bremkes	masc
0587_0001	Karl-Heinz Karisch	masc
0589_0001	Dietrich Sperling	masc
0591_0001	Maik Schwert	masc
0595_0001	Anton Steinwolf	masc
0597_0001	Georg-Friedrich Kühn	masc
0599_0001	Klaus Tscharnke	masc
0602_0001	Maik Schwert	masc
0603_0001	Horst Köpke	masc
0604_0001	Bert Rürup	masc
0606_0001	Ursula Birsl	fem	Peter Lösche	masc	Rolf Wernstedt	masc
0607_0001	Veronika Rall	fem
0608_0001	Christine Pries	fem
0614_0001	Michael Müller	masc	Peter Hennicke	masc
0615_0001	Hubertus Schmoldt	masc
0616_0001	Rolf Dietrich Schwartz	masc
0617_0001	Armin Wertz	masc
0618_0001	Ulrich Conrads	masc
0619_0001	Rudolf Walther	masc
0622_0001	Axel Vornbäumen	masc
0623_0001	Esteban Engel	masc
0624_0001	Karl-Heinz Karisch	masc
0626_0001	Rainer Köhler	masc
0629_0001	Werner Herzog	masc
0631_0001	Gerd Höhler	masc	Knut Pries	masc
0634_0001	Rolf Dietrich Schwartz	masc
0636_0001	Rolf Dietrich Schwartz	masc
0638_0001	Gerd Höhler	masc
0640_0001	Hannes Gamillscheg	masc
0649_0001	Rolf Dietrich Schwartz	masc
0651_0001	Ferdos Forudastan	masc
0652_0001	Karl-Heinz Baum	masc
0653_0001	Eckhard Stengel	masc
0656_0001	Charima Reinhardt	fem
0657_0001	Helmut Lölhöffel	masc
0660_0001	Knut Pries	masc
0662_0001	Ferdos Forudastan	masc
0664_0001	Richard Meng	masc
0666_0001	Gerd Braune	masc
0697_0001	Hans-Klaus Jungheinrich	masc
0698_0001	Peter Körte	masc
0699_0001	Bernhard Uske	masc
0701_0001	Rita Wilp	fem
0703_0001	Henrik Bork	masc
0706_0001	Henrik Bork	masc
0708_0001	Rolf Paasch	masc
0709_0001	Gerd Braune	masc
0710_0001	Martin Scholz	masc
0711_0001	Martin Winter	masc
0714_0001	Eckart Spoo	masc
0715_0001	Wolfgang Kunath	masc	Peter Nonnenmacher	masc
0716_0001	Tina Stadlmayer	fem
0718_0001	Edgar Auth	masc
0720_0001	Karl-Heinz Baum	masc
0722_0001	Peter Ziller	masc
0724_0001	Peter Henkel	masc
0730_0001	Helmut Lölhöffel	masc
0731_0001	Ada Brandes	fem
0742_0001	Horst Heinz Grimm	masc
0743_0001	Iris Grünhagen	fem
0783_0001	Peter Turrini	masc
0785_0001	Johanna Eberhardt	fem
0786_0001	Rita Neubauer	fem
0787_0001	Reinhard Voss	masc
0788_0001	Hannes Gamillscheg	masc
0789_0001	Stephan Börnecke	masc
0790_0001	Georg-Friedrich Kühn	masc
0792_0001	Norbert Glaser	masc
0798_0001	Bernhard Wittek	masc
0800_0001	Lars Henrik Gass	masc
0801_0001	Peter Iden	masc
0802_0001	Jörg Feuck	masc
0804_0001	Roderich Reifenrath	masc
0805_0001	Tina Stadlmayer	fem
0810_0001	Ulrich Herrmann	masc
0811_0001	Eckhard Stengel	masc
0815_0001	Dietmar Ostermann	masc
0818_0001	Armin Wertz	masc
0820_0001	Henrik Bork	masc
0822_0001	Rolf Dietrich Schwartz	masc
0824_0001	Michael Emmrich	masc
0828_0001	Peter Gerner	masc
0829_0001	Hans Engels	masc
0831_0001	Reinhard Voss	masc
0832_0001	Karl-Heinz Baum	masc
0834_0001	Helmut Lölhöffel	masc
0836_0001	Rita Neubauer	fem
0837_0001	Axel Vornbäumen	masc	Peter Nonnenmacher	masc
0838_0001	Ada Brandes	fem
0843_0001	Ferdos Forudastan	masc
0844_0001	Anne Riedel	fem
0845_0001	Edith Heller	fem
0846_0001	David Briscoe	masc
0875_0001	Michaela Kiefer	fem
0893_0001	Joachim Dyck	masc
0896_0001	Julian Exner	masc
0897_0001	Michael Emmrich	masc
0898_0001	Gerd Höhler	masc
0900_0001	Ulrike Füssel	fem
0901_0001	Hans-Klaus Jungheinrich	masc
0903_0001	Karl Grobe	masc
0904_0001	Karl Doemens	masc
0905_0001	Eckart Spoo	masc
0906_0001	Rita Neubauer	fem
0911_0001	Bernd Wittkowski	masc
0917_0001	Peter Gerner	masc
0918_0001	Emil Habibi	masc
0922_0001	Reinhard Voss	masc
0923_0001	Karl-Heinz Karisch	masc
0925_0001	Tina Stadlmayer	fem
0928_0001	Ulrike Füssel	fem
0932_0001	Martin Winter	masc
0933_0001	Ursula Knapp	fem
0934_0001	Henrik Bork	masc
0938_0001	Henrik Bork	masc
0942_0001	Ferdos Forudastan	masc
0943_0001	Jürgen Metkemeyer	masc
0948_0001	Helmut Lölhöffel	masc
0949_0001	Jürgen Metkemeyer	masc
0951_0001	Susann Huster	fem
0961_0001	Tilman Streif	masc
0993_0001	Peter Körte	masc
0994_0001	Martina Meister	fem
0995_0001	Hannegret Biesenbaum	fem
0997_0001	Klaus Martin Höfer	masc
0999_0001	Karl-Heinz Heinemann	masc
1000_0001	Hannes Gamillscheg	masc
1002_0001	Hans-Klaus Jungheinrich	masc
1003_0001	Pierre Simonitsch	masc
1004_0001	Ulrich Schreiber	masc
1005_0001	Julian Exner	masc
1007_0001	Keyvan Dahesch	masc
1008_0001	Michael Emmrich	masc
1009_0001	Thomas Roser	masc
1010_0001	Michael Grabenströer	masc
1011_0001	Tom Rathert	masc
1012_0001	Pitt Bebenburg	masc
1014_0001	Helmut Lölhöffel	masc
1016_0001	Samuel Schirmbeck	masc
1018_0001	Michael Grabenströer	masc
1020_0001	Karl Grobe	masc
1021_0001	Joachim Wille	masc
1024_0001	Karl-Heinz Baum	masc
1029_0001	Ulrich Willenberg	masc
1032_0001	Ursula Knapp	fem
1034_0001	Richard Meng	masc
1040_0001	Ulrich Glauber	masc
1041_0001	Roland Bunzenthal	masc
1044_0001	Heidi Niemann	fem
1045_0001	Charima Reinhardt	fem
1046_0001	Richard Meng	masc
1048_0001	Peter Nonnenmacher	masc
1049_0001	Peter Ziller	masc
1051_0001	Pierre Simonitsch	masc
1052_0001	Andrea Schröder	fem
1067_0001	Wolfgang Schmidt	masc
1068_0001	Gisela Mackensen	fem
1098_0001	Alexander Kraft	masc
1099_0001	Volker Trauth	masc
1100_0001	Conrad Lay	masc
1101_0001	Dusan Reljic	masc
1102_0001	Susanne Grossmann-Vendrey	fem
1103_0001	Ulrich Glauber	masc
1104_0001	Rüdiger Suchsland	masc
1105_0001	Karl-Otto Sattler	masc
1107_0001	Karl-Otto Sattler	masc
1108_0001	Ralf Koch	masc
1109_0001	Jürgen Dauth	masc
1111_0001	Johanna Eberhardt	fem
1112_0001	Ulrich Schreiber	masc
1115_0001	Angela Schottenhammer	fem
1116_0001	Gerhard Herr	masc
1119_0001	Anne Riedel	fem
1120_0001	Walter Boehlich	masc
1124_0001	Hans Brandt	masc
1125_0001	Astrid Hölscher	fem
1131_0001	Peter Gerner	masc
1136_0001	Martin Winter	masc
1140_0001	Ursula Knapp	fem
1147_0001	Bernd Wittkowski	masc
1148_0001	Helmut Lölhöffel	masc	Ada Brandes	fem
1154_0001	Rolf Dietrich Schwartz	masc
1159_0001	Hans-Hagen Bremer	masc
1160_0001	Karl-Heinz Baum	masc
1162_0001	Eckart Spoo	masc
1163_0001	Michael Grabenströer	masc
1165_0001	Ferdos Forudastan	masc
1166_0001	Jürgen Metkemeyer	masc
1171_0001	Bernd Wittkowski	masc
1173_0001	Helmut Lölhöffel	masc
1175_0001	Lutz Jordan	masc
1177_0001	Roland Losch	masc
1221_0001	Peter Gwiasda	masc
1222_0001	Norbert Glaser	masc
1226_0001	Roland Mischke	masc
1227_0001	Heidi Fritz-Langen	fem
1228_0001	Kjartan Grasland	masc
1230_0001	Volker Mazassek	masc
1231_0001	Klaus Betz	masc
1233_0001	Anton Andreas Guha	masc
1235_0001	Christian Thomas	masc
1244_0001	Rita Henß	fem
1245_0001	Paul Kruntorad	masc
1246_0001	Hannes Gamillscheg	masc
1247_0001	Michael Emmrich	masc
1248_0001	Hannelore Schlaffer	fem
1249_0001	Martin Winter	masc
1250_0001	Veronika Rall	fem
1252_0001	Michael Charlier	masc
1254_0001	Martin Scholz	masc
1256_0001	Martin Scholz	masc
1258_0001	Wolfram Schütte	masc
1261_0001	Rolf Dietrich Schwartz	masc
1263_0001	Elke Bockhorst	fem
1265_0001	Helmut Lölhöffel	masc
1267_0001	Tom Rathert	masc
1269_0001	Bernd Wittkowski	masc
1271_0001	Charima Reinhardt	fem
1272_0001	Reinhard Voss	masc
1276_0001	Edith Heller	fem
1277_0001	Jürgen Metkemeyer	masc
1280_0001	Gerd Höhler	masc
1281_0001	Katharina Sperber	fem
1282_0001	Ariane Thomalla	fem
1284_0001	Karl-Heinz Baum	masc
1287_0001	Knut Pries	masc
1288_0001	Samuel Schirmbeck	masc
1293_0001	Dietmar Ostermann	masc
1294_0001	Roman Arens	masc
1295_0001	Werner Herzog	masc
1296_0001	Karl-Heinz Baum	masc
1298_0001	Jürgen Metkemeyer	masc
1337_0001	Peter Körte	masc
1338_0001	Ingomar Hauchler	masc
1339_0001	Anne Riedel	fem
1340_0001	Ingrid Müller-Münch	fem
1341_0001	Matthias Arning	masc
1343_0001	Otto Kreye	masc
1344_0001	Ulrike Füssel	fem
1345_0001	Gabriele Venzky	fem
1346_0001	Boris B. Behrsing	masc
1348_0001	Stephan Hebel	masc
1349_0001	Astrid Hölscher	fem
1350_0001	Roland Bunzenthal	masc
1351_0001	Eckart Spoo	masc
1352_0001	Ulrich Achermann	masc
1353_0001	Sylvia Staude	fem
1358_0001	Ferdos Forudastan	masc
1361_0001	Roderich Reifenrath	masc
1364_0001	Michael Grabenströer	masc
1370_0001	Gerd Höhler	masc
1371_0001	Gerd Höhler	masc
1374_0001	Karl-Heinz Karisch	masc
1375_0001	Peter Gerner	masc
1376_0001	Charima Reinhardt	fem
1378_0001	Helmut Lölhöffel	masc
1380_0001	Martin Winter	masc
1381_0001	Ursula Knapp	fem
1383_0001	Peter Nonnenmacher	masc
1384_0001	Roland Langer	masc
1388_0001	Karl-Heinz Baum	masc
1389_0001	Henrik Bork	masc
1391_0001	Eckart Spoo	masc
1393_0001	Dietmar Ostermann	masc
1395_0001	Edith Heller	fem
1510_0001	Thomas Wüpper	masc
1579_0001	Michael Flämig	masc
1591_0001	Michael Flämig	masc
1641_0001	Michael Flämig	masc
1644_0001	Peter Ziller	masc
1704_0001	Roland Bunzenthal	masc
1708_0001	Werner Balsen	masc
1730_0001	Thomas Wüpper	masc
1746_0001	Jan Christian Müller	masc
1749_0001	Pierre Simonitsch	masc
1767_0001	Werner Balsen	masc
1790_0001	Walther Becker	masc
1799_0001	Hans-Hagen Bremer	masc
1802_0001	Bernd Wittkowski	masc
1806_0001	Roland Bunzenthal	masc
1814_0001	Michael Flämig	masc
1815_0001	Jürgen Klotz	masc
1820_0001	Thomas Roser	masc
1834_0001	Florian Hassel	masc
1835_0001	Anatol Johansen	masc
1842_0001	Hannes Gamillscheg	masc
1851_0001	Peter Nonnenmacher	masc
1852_0001	Christine Skowronowski	fem
1857_0001	Werner Balsen	masc
2013_0001	Claus-Peter Tiemann	masc
2015_0001	Stephan Maurer	masc
2016_0001	Klaus Martin Höfer	masc
2036_0001	John Zollinger	masc
2047_0001	Mechthild Lange	fem
2050_0001	Dietmar Ostermann	masc
2051_0001	Stephan Israel	masc
2053_0001	Gerd Höhler	masc
2056_0001	Ina Hönicke Egal	fem
2057_0001	Peter Gerner	masc
2059_0001	Stephan Hebel	masc
2060_0001	Peter Ziller	masc
2062_0001	Inge Günther	fem
2063_0001	Michael Grabenströer	masc
2065_0001	Michael Grabenströer	masc
2072_0001	Ulla Schickling	fem
2073_0001	Horst Köpke	masc
2074_0001	Thomas Saum-Aldehoff	masc
2076_0001	Franz Lerchenmüller	masc
2077_0001	Werner Rügemer	masc
2078_0001	Karl-Heinz Karisch	masc
2079_0001	Hans-Georg Ungefug	masc
2081_0001	Anatol Johansen	masc
2085_0001	Peter B. Schumann	masc
2086_0001	Wolfgang Kunath	masc
2087_0001	Gerd Höhler	masc
2089_0001	Martin Scholz	masc
2090_0001	Rainer Schauer	masc
2093_0001	Karl-Heinz Baum	masc
2094_0001	Roderich Reifenrath	masc
2107_0001	Heike Michel	fem
2117_0001	Edward Hirsch	masc
2133_0001	Jutta Hartlieb	fem
2147_0001	Dorette Deutsch	fem
2148_0001	Klaus Koch	masc
2150_0001	Hermann Feldmeier	masc
2151_0001	Christoph Deinbach	masc
2153_0001	Karl Stankiewitz	masc
2154_0001	Gabriela Hirt	fem
2155_0001	Stephan Hebel	masc
2156_0001	Dieter Höss	masc
2157_0001	Willi Bremkes	masc
2158_0001	Paul Janositz	masc
2159_0001	Rüdiger Siebert	masc
2160_0001	Rainer Schauer	masc
2162_0001	Michael Emmrich	masc
2163_0001	Nora Sobich	fem
2164_0001	Michael Emmrich	masc
2165_0001	Stefan Howald	masc
2167_0001	Volker Trauth	masc
2168_0001	Karl-Heinz Karisch	masc
2169_0001	Beat Leuthardt	masc
2170_0001	Jürgen Dauth	masc
2172_0001	Gabriele Hoffmann	fem
2174_0001	Christa Spatz	fem
2176_0001	Michael Emmrich	masc
2177_0001	Roland H. Wiegenstein	masc
2179_0001	Karsten Plog	masc
2183_0001	Jürgen Metkemeyer	masc
2184_0001	Helmut Lölhöffel	masc
2186_0001	Ingrid Müller-Münch	fem
2188_0001	Karl-Heinz Baum	masc
2190_0001	Stephan Hebel	masc
2195_0001	Eckart Spoo	masc
2197_0001	Ferdos Forudastan	masc
2200_0001	Roman Arens	masc
2219_0001	Hubert Kahl	masc
2220_0001	Friedhelm Caspari	masc
2237_0001	Mira Gajevic	fem
2249_0001	Hannelore Jaresch	fem
2251_0001	Karin Baur	fem
2252_0001	Richard Meng	masc
2253_0001	Jochen Siemens	masc
