0030_0001	COLLECTION	ZUR PERSON
0034_0001	COLLECTION	KURZNACHRICHTEN
0038_0001	COLLECTION	NACHRICHTEN-BÖRSE
0111_0001	COLLECTION	KURZNACHRICHTEN
0130_0001	COLLECTION	KURZNACHRICHTEN
0135_0001	COLLECTION	FIRMEN-TELEGRAMM
0148_0001	OTHER	two subheadings (sentence numbers 7172, 7219)
0156_0001	OTHER	continuation of 0155_0001
0166_0001	COLLECTION	ZUR PERSON
0190_0001	COLLECTION	NACHRICHTEN-BÖRSE
0202_0001	COLLECTION	LEUTE
0210_0001	COLLECTION	FIRMEN-TELEGRAMM
0264_0001	COLLECTION	ZUR PERSON
0290_0001	COLLECTION	KURZNACHRICHTEN
0294_0001	COLLECTION	LEUTE
0296_0001	COLLECTION	KURZNACHRICHTEN
0311_0001	COLLECTION	NACHRICHTEN-BÖRSE
0334_0001	COLLECTION	ZUR PERSON
0338_0001	OTHER	document starts in the middle of an article
0341_0001	COLLECTION	KURZNACHRICHTEN
0369_0001	COLLECTION	FIRMEN-TELEGRAMM
0378_0001	COLLECTION	LEUTE
0405_0001	OTHER	same article as 0403_0001, but different heading
0409_0001	COLLECTION	KURZNACHRICHTEN
0461_0001	COLLECTION	FIRMEN-TELEGRAMM
0495_0001	COLLECTION	ZUR PERSON
0536_0001	OTHER	document starts in the middle of an article
0574_0001	COLLECTION	WEGWEISER
0586_0001	COLLECTION	AUS PROGRAMMEN UND PROSPEKTEN
0601_0001	COLLECTION	KURZSTRECKE
0641_0001	COLLECTION	ZUR PERSON
0648_0001	COLLECTION	FIRMEN-TELEGRAMM
0663_0001	COLLECTION	KURZNACHRICHTEN
0668_0001	COLLECTION	KURZNACHRICHTEN
0677_0001	COLLECTION	KURZNACHRICHTEN
0690_0001	COLLECTION	NACHRICHTEN-BÖRSE
0693_0001	COLLECTION	FIRMEN-TELEGRAMM
0702_0001	OTHER	continuation of 0700_0001
0717_0001	COLLECTION	ZUR PERSON
0737_0001	COLLECTION	ALLES WAS RECHT IST
0771_0001	COLLECTION	KURZNACHRICHTEN
0797_0001	COLLECTION	FIRMEN-TELEGRAMM
0830_0001	COLLECTION	ZUR PERSON
0921_0001	COLLECTION	KURZNACHRICHTEN
0945_0001	COLLECTION	ZUR PERSON
0967_0001	COLLECTION	NACHRICHTEN-BÖRSE
0971_0001	COLLECTION	ALLES WAS RECHT IST
0982_0001	COLLECTION	KURZNACHRICHTEN
0989_0001	COLLECTION	FIRMEN-TELEGRAMM
1036_0001	COLLECTION	ZUR PERSON
1076_0001	COLLECTION	ZUR PERSON
1085_0001	COLLECTION	KURZNACHRICHTEN
1182_0001	COLLECTION	ZUR PERSON
1185_0001	COLLECTION	FIRMEN-TELEGRAMM
1208_0001	COLLECTION	KURZNACHRICHTEN
1223_0001	COLLECTION	PROSPEKT
1229_0001	COLLECTION	PROSPEKT
1241_0001	COLLECTION	DIE NEUE SAISON
1242_0001	COLLECTION	KURZSTRECKE
1289_0002	OTHER	copy of sentence from document 1264_0001
1322_0001	COLLECTION	ZUR PERSON
1333_0001	COLLECTION	KURZNACHRICHTEN
1363_0001	COLLECTION	KURZNACHRICHTEN
1385_0001	COLLECTION	FIRMEN-TELEGRAMM
1386_0001	COLLECTION	NACHRICHTEN-BÖRSE
1505_0001	COLLECTION	NACHRICHTEN-BÖRSE
1529_0001	COLLECTION	FIRMEN-TELEGRAMM
1532_0001	COLLECTION	NACHRICHTEN-BÖRSE
1541_0001	COLLECTION	FIRMEN-TELEGRAMM
1558_0001	COLLECTION	FIRMEN-TELEGRAMM
1584_0001	COLLECTION	FIRMEN-TELEGRAMM
1601_0001	COLLECTION	NACHRICHTEN-BÖRSE
1603_0001	COLLECTION	FIRMEN-TELEGRAMM
1628_0001	COLLECTION	FIRMEN-TELEGRAMM
1645_0001	COLLECTION	FIRMEN-TELEGRAMM
1666_0001	COLLECTION	NACHRICHTEN-BÖRSE
1674_0001	COLLECTION	FIRMEN-TELEGRAMM
1701_0001	COLLECTION	FIRMEN-TELEGRAMM
1709_0001	COLLECTION	NACHRICHTEN-BÖRSE
1724_0001	COLLECTION	FIRMEN-TELEGRAMM
1733_0001	COLLECTION	NACHRICHTEN-BÖRSE
1742_0001	OTHER	content similar to 1741_0001
1747_0001	COLLECTION	FIRMEN-TELEGRAMM
1766_0001	COLLECTION	FIRMEN-TELEGRAMM
1769_0001	COLLECTION	NACHRICHTEN-BÖRSE
1783_0001	COLLECTION	FIRMEN-TELEGRAMM
1793_0001	COLLECTION	NACHRICHTEN-BÖRSE
1798_0001	COLLECTION	FIRMEN-TELEGRAMM
1810_0001	COLLECTION	FIRMEN-TELEGRAMM
1817_0001	COLLECTION	NACHRICHTEN-BÖRSE
1824_0001	COLLECTION	FIRMEN-TELEGRAMM
1831_0001	COLLECTION	NACHRICHTEN-BÖRSE
1849_0001	COLLECTION	FIRMEN-TELEGRAMM
2007_0001	COLLECTION	LEUTE
2027_0001	COLLECTION	ZUR PERSON
2070_0001	COLLECTION	KURZNACHRICHTEN
2075_0001	COLLECTION	KURZSTRECKE
2082_0001	COLLECTION	KURZ & NEU
2084_0001	COLLECTION	DIE NEUE SAISON
2114_0001	COLLECTION	ZUR PERSON
2116_0001	COLLECTION	KURZNACHRICHTEN
2142_0001	COLLECTION	LEUTE
2143_0001	COLLECTION	KURZNACHRICHTEN
2146_0001	COLLECTION	KURZSTRECKE
2149_0001	COLLECTION	AUS PROGRAMMEN UND PROSPEKTEN
2152_0001	COLLECTION	WEGWEISER
2175_0001	OTHER	document starts in the middle of an article
2205_0001	OTHER	content similar to 2204_0001
2218_0001	COLLECTION	KURZNACHRICHTEN
2226_0001	COLLECTION	KURZNACHRICHTEN
2239_0001	COLLECTION	LEUTE
